{
  "albums": [
    {
      "id": 1,
      "artist": "Tremonti",
      "albumName": "Dust",
      "onSale": 1,
      "price": 11.99,
      "year": 2016,
      "releaseDate": "April 29, 2016",
      "recordLocation": "Studio Barbarosa, Orlando, FL",
      "genre": "Pop/Rock",
      "duration": "43:18:00",
      "url": "https://www.allmusic.com/album/dust-mw0002918360",
      "tracks": [
        {
          "id": 1,
          "trackNumber": 1,
          "title": "My Last Mistake",
          "length": "4:30"
        },
        {
          "id": 1,
          "trackNumber": 2,
          "title": "The Cage",
          "length": "3:35"
        },
        {
          "id": 1,
          "trackNumber": 3,
          "title": "Once Dead",
          "length": "3:05"
        },
        {
          "id": 1,
          "trackNumber": 4,
          "title": "Dust",
          "length": "5:21"
        },
        {
          "id": 1,
          "trackNumber": 5,
          "title": "Betray Me",
          "length": "4:04"
        },
        {
          "id": 1,
          "trackNumber": 6,
          "title": "Tore My Heart Out",
          "length": "5:07"
        },
        {
          "id": 1,
          "trackNumber": 7,
          "title": "Catching Fire",
          "length": "4:41"
        },
        {
          "id": 1,
          "trackNumber": 8,
          "title": "Never Wrong",
          "length": "4:41"
        },
        {
          "id": 1,
          "trackNumber": 9,
          "title": "Rising Storm",
          "length": "3:17"
        },
        {
          "id": 1,
          "trackNumber": 10,
          "title": "Unable to See",
          "length": "4:57"
        }
      ]
    },
    {
      "id": 2,
      "artist": "Bon Jovi",
      "albumName": "7800 Fahrerenheit",
      "onSale": 0,
      "price": 7,
      "year": 1985,
      "releaseDate": "April 20, 1985",
      "recordLocation": "Warehouse, Philadelphia, PA",
      "genre": "Pop/Rock",
      "duration": "47:15:00",
      "url": "https://www.allmusic.com/album/7800%C2%B0-fahrenheit-mw0000189199",
      "tracks": [
        {
          "id": 2,
          "trackNumber": 1,
          "title": "In and Out of Love",
          "length": "4:27"
        },
        {
          "id": 2,
          "trackNumber": 2,
          "title": "The Price of Love",
          "length": "4:14"
        },
        {
          "id": 2,
          "trackNumber": 3,
          "title": "Only Lonely",
          "length": "5:00"
        },
        {
          "id": 2,
          "trackNumber": 4,
          "title": "King of the Mountain",
          "length": "3:53"
        },
        {
          "id": 2,
          "trackNumber": 5,
          "title": "Silent Night",
          "length": "5:07"
        },
        {
          "id": 2,
          "trackNumber": 6,
          "title": "Tokyo Road",
          "length": "5:41"
        },
        {
          "id": 2,
          "trackNumber": 7,
          "title": "The Hardest Part Is the Night",
          "length": "4:25"
        },
        {
          "id": 2,
          "trackNumber": 8,
          "title": "Always Run to You",
          "length": "5:00"
        },
        {
          "id": 2,
          "trackNumber": 9,
          "title": "(I Don't Wanna Fall) To the Fire",
          "length": "4:27"
        },
        {
          "id": 2,
          "trackNumber": 10,
          "title": "Secret Dreams",
          "length": "4:56"
        }
      ]
    },
    {
      "id": 3,
      "artist": "The Beatles",
      "albumName": "The White Album",
      "onSale": 1,
      "price": 12,
      "year": 1968,
      "releaseDate": "November 22, 1968",
      "recordLocation": "",
      "genre": "Pop/Rock",
      "duration": "1:33:43",
      "url": "https://www.allmusic.com/album/the-beatles-white-album-mw0000418113",
      "tracks": [
        {
          "id": 3,
          "trackNumber": 1,
          "title": "Back in the U.S.S.R.",
          "length": "2:43"
        },
        {
          "id": 3,
          "trackNumber": 2,
          "title": "Dear Prudence",
          "length": "3:55"
        },
        {
          "id": 3,
          "trackNumber": 3,
          "title": "Glass Onion",
          "length": "2:18"
        },
        {
          "id": 3,
          "trackNumber": 4,
          "title": "Ob-La-Di, Ob-La-Da",
          "length": "3:09"
        },
        {
          "id": 3,
          "trackNumber": 5,
          "title": "Wild Honey Pie",
          "length": "0:53"
        },
        {
          "id": 3,
          "trackNumber": 6,
          "title": "The Continuing Story of Bungalow Bill",
          "length": "3:14"
        },
        {
          "id": 3,
          "trackNumber": 7,
          "title": "While My Guitar Gently Weeps",
          "length": "4:45"
        },
        {
          "id": 3,
          "trackNumber": 8,
          "title": "Happiness Is a Warm Gun",
          "length": "2:43"
        },
        {
          "id": 3,
          "trackNumber": 9,
          "title": "Martha My Dear",
          "length": "2:28"
        },
        {
          "id": 3,
          "trackNumber": 10,
          "title": "I’m So Tired",
          "length": "2:03"
        },
        {
          "id": 3,
          "trackNumber": 11,
          "title": "Blackbird",
          "length": "2:18"
        },
        {
          "id": 3,
          "trackNumber": 12,
          "title": "Piggies",
          "length": "2:03"
        },
        {
          "id": 3,
          "trackNumber": 13,
          "title": "Rocky Raccoon",
          "length": "3:33"
        },
        {
          "id": 3,
          "trackNumber": 14,
          "title": "Don't Pass Me By",
          "length": "3:49"
        },
        {
          "id": 3,
          "trackNumber": 15,
          "title": "Why Don't We Do It in the Road",
          "length": "1:41"
        },
        {
          "id": 3,
          "trackNumber": 16,
          "title": "I Will",
          "length": "1:45"
        },
        {
          "id": 3,
          "trackNumber": 17,
          "title": "Julia",
          "length": "2:54"
        },
        {
          "id": 3,
          "trackNumber": 18,
          "title": "Birthday",
          "length": "2:43"
        },
        {
          "id": 3,
          "trackNumber": 19,
          "title": "Yer Blues",
          "length": "4:02"
        },
        {
          "id": 3,
          "trackNumber": 20,
          "title": "Mother Nature’s Son",
          "length": "2:46"
        },
        {
          "id": 3,
          "trackNumber": 21,
          "title": "Everybody’s Got Something to Hide Except Me and My Monkey",
          "length": "2:25"
        },
        {
          "id": 3,
          "trackNumber": 22,
          "title": "Sexy Sadie",
          "length": "3:15"
        },
        {
          "id": 3,
          "trackNumber": 23,
          "title": "Helter Skelter",
          "length": "3:39"
        },
        {
          "id": 3,
          "trackNumber": 24,
          "title": "Long, Long, Long",
          "length": "3:05"
        },
        {
          "id": 3,
          "trackNumber": 25,
          "title": "Revolution 1",
          "length": "4:16"
        },
        {
          "id": 3,
          "trackNumber": 26,
          "title": "Honey Pie",
          "length": "2:41"
        },
        {
          "id": 3,
          "trackNumber": 27,
          "title": "Savoy Truffle",
          "length": "2:54"
        },
        {
          "id": 3,
          "trackNumber": 28,
          "title": "Cry Baby Cry",
          "length": "3:02"
        },
        {
          "id": 3,
          "trackNumber": 29,
          "title": "Revolution 9",
          "length": "8:21"
        },
        {
          "id": 3,
          "trackNumber": 30,
          "title": "Good Night",
          "length": "3:12"
        }
      ]
    },
    {
      "id": 4,
      "artist": "Pink Floyd",
      "albumName": "The Dark Side of the Moon",
      "onSale": 0,
      "price": 13.5,
      "year": 1973,
      "releaseDate": "March 1, 1973",
      "recordLocation": "Abbey Road Studios, London",
      "genre": "Pop/Rock",
      "duration": "42:54:00",
      "url": "https://www.allmusic.com/album/the-dark-side-of-the-moon-mw0000191308",
      "tracks": [
        {
          "id": 4,
          "trackNumber": 1,
          "title": "Speak to Me",
          "length": "1:07"
        },
        {
          "id": 4,
          "trackNumber": 2,
          "title": "Breathe (In the Air)",
          "length": "2:49"
        },
        {
          "id": 4,
          "trackNumber": 3,
          "title": "On the Run",
          "length": "3:45"
        },
        {
          "id": 4,
          "trackNumber": 4,
          "title": "Time",
          "length": "6:53"
        },
        {
          "id": 4,
          "trackNumber": 5,
          "title": "The Great Gig in the Sky",
          "length": "4:44"
        },
        {
          "id": 4,
          "trackNumber": 6,
          "title": "Money",
          "length": "6:23"
        },
        {
          "id": 4,
          "trackNumber": 7,
          "title": "Us and Them",
          "length": "7:49"
        },
        {
          "id": 4,
          "trackNumber": 8,
          "title": "Any Colour You Like",
          "length": "3:26"
        },
        {
          "id": 4,
          "trackNumber": 9,
          "title": "Brain Damage",
          "length": "3:46"
        },
        {
          "id": 4,
          "trackNumber": 10,
          "title": "Eclipse",
          "length": "2:12"
        }
      ]
    },
    {
      "id": 5,
      "artist": "Grateful Dead",
      "albumName": "Aoxomoxoa",
      "onSale": 1,
      "price": 16.24,
      "year": 1969,
      "releaseDate": "June 20, 1969",
      "recordLocation": "Alembic Studios, San Francisco, CA",
      "genre": "Pop/Rock",
      "duration": "38:07:00",
      "url": "https://www.allmusic.com/album/aoxomoxoa-mw0000650206",
      "tracks": [
        {
          "id": 5,
          "trackNumber": 1,
          "title": "St. Stephen",
          "length": "4:25"
        },
        {
          "id": 5,
          "trackNumber": 2,
          "title": "Dupree's Diamond Blues",
          "length": "3:40"
        },
        {
          "id": 5,
          "trackNumber": 3,
          "title": "Rosemary",
          "length": "2:02"
        },
        {
          "id": 5,
          "trackNumber": 4,
          "title": "Doin' That Rag",
          "length": "5:15"
        },
        {
          "id": 5,
          "trackNumber": 5,
          "title": "Mountains of the Moon",
          "length": "4:15"
        },
        {
          "id": 5,
          "trackNumber": 6,
          "title": "China Cat Sunflower",
          "length": "4:15"
        },
        {
          "id": 5,
          "trackNumber": 7,
          "title": "What's Become of the Baby",
          "length": "8:30"
        },
        {
          "id": 5,
          "trackNumber": 8,
          "title": "Cosmic Charlie",
          "length": "5:45"
        }
      ]
    },
    {
      "id": 6,
      "artist": "Nirvana",
      "albumName": "Nevermind",
      "onSale": 0,
      "price": 11.99,
      "year": 1991,
      "releaseDate": "September 24, 1991",
      "recordLocation": "Sound City Studios, Van Nuys, CA",
      "genre": "Pop/Rock",
      "duration": "42:38:00",
      "url": "https://www.allmusic.com/album/nevermind-mw0000185616",
      "tracks": [
        {
          "id": 6,
          "trackNumber": 1,
          "title": "Smells Like Teen Spirit",
          "length": "5:02"
        },
        {
          "id": 6,
          "trackNumber": 2,
          "title": "In Bloom",
          "length": "4:15"
        },
        {
          "id": 6,
          "trackNumber": 3,
          "title": "Come as You Are",
          "length": "3:39"
        },
        {
          "id": 6,
          "trackNumber": 4,
          "title": "Breed",
          "length": "3:04"
        },
        {
          "id": 6,
          "trackNumber": 5,
          "title": "Lithium",
          "length": "4:17"
        },
        {
          "id": 6,
          "trackNumber": 6,
          "title": "Polly",
          "length": "2:56"
        },
        {
          "id": 6,
          "trackNumber": 7,
          "title": "Territorial Pissings",
          "length": "2:23"
        },
        {
          "id": 6,
          "trackNumber": 8,
          "title": "Drain You",
          "length": "3:44"
        },
        {
          "id": 6,
          "trackNumber": 9,
          "title": "Lounge Act",
          "length": "2:37"
        },
        {
          "id": 6,
          "trackNumber": 10,
          "title": "Stay Away",
          "length": "3:33"
        },
        {
          "id": 6,
          "trackNumber": 11,
          "title": "On a Plain",
          "length": "3:17"
        },
        {
          "id": 6,
          "trackNumber": 12,
          "title": "Something in the Way",
          "length": "3:51"
        }
      ]
    },
    {
      "id": 7,
      "artist": "The Rolling Stones",
      "albumName": "Flowers",
      "onSale": 1,
      "price": 7,
      "year": 1967,
      "releaseDate": "June, 1967",
      "recordLocation": "",
      "genre": "Pop/Rock",
      "duration": "36:26:00",
      "url": "https://www.allmusic.com/album/flowers-mw0000195495",
      "tracks": [
        {
          "id": 7,
          "trackNumber": 1,
          "title": "Ruby Tuesday",
          "length": "3:17"
        },
        {
          "id": 7,
          "trackNumber": 2,
          "title": "Have You Seen Your Mother, Baby, Standing in the Shadow?",
          "length": "2:35"
        },
        {
          "id": 7,
          "trackNumber": 3,
          "title": "Let's Spend the Night Together",
          "length": "3:38"
        },
        {
          "id": 7,
          "trackNumber": 4,
          "title": "Lady Jane",
          "length": "3:08"
        },
        {
          "id": 7,
          "trackNumber": 5,
          "title": "Out of Time",
          "length": "3:42"
        },
        {
          "id": 7,
          "trackNumber": 6,
          "title": "My Girl",
          "length": "2:39"
        },
        {
          "id": 7,
          "trackNumber": 7,
          "title": "Backstreet Girl",
          "length": "3:26"
        },
        {
          "id": 7,
          "trackNumber": 8,
          "title": "Please Go Home",
          "length": "3:19"
        },
        {
          "id": 7,
          "trackNumber": 9,
          "title": "Mother's Little Helper",
          "length": "2:47"
        },
        {
          "id": 7,
          "trackNumber": 10,
          "title": "Take It or Leave It",
          "length": "2:47"
        },
        {
          "id": 7,
          "trackNumber": 11,
          "title": "Ride on Baby",
          "length": "2:53"
        },
        {
          "id": 7,
          "trackNumber": 12,
          "title": "Sittin' on a Fence",
          "length": "3:02"
        }
      ]
    },
    {
      "id": 8,
      "artist": "Blondie",
      "albumName": "Blondie",
      "onSale": 0,
      "price": 12,
      "year": 1976,
      "releaseDate": "December, 1976",
      "recordLocation": "Plaza Sound Studios, New York, NY",
      "genre": "Pop/Rock",
      "duration": "33:25:00",
      "url": "https://www.allmusic.com/album/blondie-mw0000590317",
      "tracks": [
        {
          "id": 8,
          "trackNumber": 1,
          "title": "X Offender",
          "length": "3:14"
        },
        {
          "id": 8,
          "trackNumber": 2,
          "title": "Little Girl Lies",
          "length": "2:07"
        },
        {
          "id": 8,
          "trackNumber": 3,
          "title": "In the Flesh",
          "length": "2:32"
        },
        {
          "id": 8,
          "trackNumber": 4,
          "title": "Look Good in Blue",
          "length": "2:55"
        },
        {
          "id": 8,
          "trackNumber": 5,
          "title": "In the Sun",
          "length": "2:40"
        },
        {
          "id": 8,
          "trackNumber": 6,
          "title": "A Shark in Jet's Clothing",
          "length": "3:39"
        },
        {
          "id": 8,
          "trackNumber": 7,
          "title": "Man Overboard",
          "length": "3:21"
        },
        {
          "id": 8,
          "trackNumber": 8,
          "title": "Rip Her to Shreds",
          "length": "3:22"
        },
        {
          "id": 8,
          "trackNumber": 9,
          "title": "Rifle Range",
          "length": "3:41"
        },
        {
          "id": 8,
          "trackNumber": 10,
          "title": "Kung Fu Girls",
          "length": "2:32"
        },
        {
          "id": 8,
          "trackNumber": 11,
          "title": "The Attack of the Giant Ants",
          "length": "3:24"
        }
      ]
    },
    {
      "id": 9,
      "artist": "Jimi Hendrix",
      "albumName": "Are You Experienced",
      "onSale": 1,
      "price": 13.5,
      "year": 1967,
      "releaseDate": "August, 1967",
      "recordLocation": "",
      "genre": "Pop/Rock",
      "duration": "1:00:22",
      "url": "https://www.allmusic.com/album/are-you-experienced-mw0000537390",
      "tracks": [
        {
          "id": 9,
          "trackNumber": 1,
          "title": "Purple Haze",
          "length": "2:50"
        },
        {
          "id": 9,
          "trackNumber": 2,
          "title": "Manic Depression",
          "length": "3:42"
        },
        {
          "id": 9,
          "trackNumber": 3,
          "title": "Hey JoeBilly Roberts",
          "length": "3:30"
        },
        {
          "id": 9,
          "trackNumber": 4,
          "title": "Love or Confusion",
          "length": "3:12"
        },
        {
          "id": 9,
          "trackNumber": 5,
          "title": "May This Be Love",
          "length": "3:10"
        },
        {
          "id": 9,
          "trackNumber": 6,
          "title": "I Don't Live Today",
          "length": "3:54"
        },
        {
          "id": 9,
          "trackNumber": 7,
          "title": "The Wind Cries Mary",
          "length": "3:20"
        },
        {
          "id": 9,
          "trackNumber": 8,
          "title": "Fire",
          "length": "2:43"
        },
        {
          "id": 9,
          "trackNumber": 9,
          "title": "Third Stone from the Sun",
          "length": "6:44"
        },
        {
          "id": 9,
          "trackNumber": 10,
          "title": "Foxey Lady",
          "length": "3:18"
        },
        {
          "id": 9,
          "trackNumber": 11,
          "title": "Are You Experienced?",
          "length": "4:16"
        },
        {
          "id": 9,
          "trackNumber": 12,
          "title": "Stone Free",
          "length": "3:35"
        },
        {
          "id": 9,
          "trackNumber": 13,
          "title": "51st Anniversary",
          "length": "3:15"
        },
        {
          "id": 9,
          "trackNumber": 14,
          "title": "Highway Chile",
          "length": "3:32"
        },
        {
          "id": 9,
          "trackNumber": 15,
          "title": "Can You See Me",
          "length": "2:32"
        },
        {
          "id": 9,
          "trackNumber": 16,
          "title": "Remember",
          "length": "2:48"
        },
        {
          "id": 9,
          "trackNumber": 17,
          "title": "Red House",
          "length": "3:51"
        }
      ]
    },
    {
      "id": 10,
      "artist": "Primus",
      "albumName": "Brown Album",
      "onSale": 1,
      "price": 16.24,
      "year": 1997,
      "releaseDate": "July 8, 1997",
      "recordLocation": "Rancho Relaxo, CA",
      "genre": "Pop/Rock",
      "duration": "56:48:00",
      "url": "https://www.allmusic.com/album/the-brown-album-mw0000023938",
      "tracks": [
        {
          "id": 10,
          "trackNumber": 1,
          "title": "The Return of Sathington Willoughby",
          "length": "5:04"
        },
        {
          "id": 10,
          "trackNumber": 2,
          "title": "Fisticuffs",
          "length": "4:24"
        },
        {
          "id": 10,
          "trackNumber": 3,
          "title": "Golden Boy",
          "length": "3:05"
        },
        {
          "id": 10,
          "trackNumber": 4,
          "title": "Over the Falls",
          "length": "2:41"
        },
        {
          "id": 10,
          "trackNumber": 5,
          "title": "Shake Hands With Beef",
          "length": "4:02"
        },
        {
          "id": 10,
          "trackNumber": 6,
          "title": "Camelback Cinema",
          "length": "3:59"
        },
        {
          "id": 10,
          "trackNumber": 7,
          "title": "Hats Off",
          "length": "1:57"
        },
        {
          "id": 10,
          "trackNumber": 8,
          "title": "Puddin' Taine",
          "length": "3:37"
        },
        {
          "id": 10,
          "trackNumber": 9,
          "title": "Bob's Party Time Lounge",
          "length": "4:43"
        },
        {
          "id": 10,
          "trackNumber": 10,
          "title": "Duchess and the Proverbial Mind Spread",
          "length": "3:29"
        },
        {
          "id": 10,
          "trackNumber": 11,
          "title": "Restin' Bones",
          "length": "4:29"
        },
        {
          "id": 10,
          "trackNumber": 12,
          "title": "Coddingtown",
          "length": "2:52"
        },
        {
          "id": 10,
          "trackNumber": 13,
          "title": "Kalamazoo",
          "length": "3:30"
        },
        {
          "id": 10,
          "trackNumber": 14,
          "title": "The Chastising of Renegade",
          "length": "5:02"
        },
        {
          "id": 10,
          "trackNumber": 15,
          "title": "Arnie",
          "length": "3:54"
        }
      ]
    },
    {
      "id": 11,
      "artist": "Bonnie Tyler",
      "albumName": "Faster Than the Speed of Night",
      "onSale": 0,
      "price": 11.99,
      "year": 1983,
      "releaseDate": "",
      "recordLocation": "Greene Street Recording Studio, New York, NY",
      "genre": "Soft Rock, Wagnerian Rock",
      "duration": "42:51:00",
      "url": "https://www.allmusic.com/album/faster-than-the-speed-of-night-mw0000196124",
      "tracks": [
        {
          "id": 11,
          "trackNumber": 1,
          "title": "Have You Ever Seen the Rain?",
          "length": "4:10"
        },
        {
          "id": 11,
          "trackNumber": 2,
          "title": "Faster Than the Speed of Night",
          "length": "6:45"
        },
        {
          "id": 11,
          "trackNumber": 3,
          "title": "Getting So Exciting",
          "length": "3:31"
        },
        {
          "id": 11,
          "trackNumber": 4,
          "title": "Total Eclipse of the Heart",
          "length": "7:02"
        },
        {
          "id": 11,
          "trackNumber": 5,
          "title": "It's a Jungle out There",
          "length": "4:39"
        },
        {
          "id": 11,
          "trackNumber": 6,
          "title": "Goin' Through the Motions",
          "length": "4:09"
        },
        {
          "id": 11,
          "trackNumber": 7,
          "title": "Tears",
          "length": "3:50"
        },
        {
          "id": 11,
          "trackNumber": 8,
          "title": "Take Me Back",
          "length": "5:23"
        },
        {
          "id": 11,
          "trackNumber": 9,
          "title": "Straight from the Heart",
          "length": "3:40"
        }
      ]
    },
    {
      "id": 12,
      "artist": "The Beatles",
      "albumName": "Abbey Road",
      "onSale": 1,
      "price": 7,
      "year": 1969,
      "releaseDate": "September 26, 1969",
      "recordLocation": "",
      "genre": "Rock",
      "duration": "47:23:00",
      "url": "https://www.allmusic.com/album/abbey-road-mw0000192938",
      "tracks": [
        {
          "id": 12,
          "trackNumber": 1,
          "title": "Come Together",
          "length": "4:19"
        },
        {
          "id": 12,
          "trackNumber": 2,
          "title": "Something",
          "length": "3:02"
        },
        {
          "id": 12,
          "trackNumber": 3,
          "title": "Maxwell's Silver Hammer",
          "length": "3:27"
        },
        {
          "id": 12,
          "trackNumber": 4,
          "title": "Oh! Darling",
          "length": "3:27"
        },
        {
          "id": 12,
          "trackNumber": 5,
          "title": "Octopus's Garden",
          "length": "2:50"
        },
        {
          "id": 12,
          "trackNumber": 6,
          "title": "I Want You (She's So Heavy)",
          "length": "7:47"
        },
        {
          "id": 12,
          "trackNumber": 7,
          "title": "Here Comes the Sun",
          "length": "3:05"
        },
        {
          "id": 12,
          "trackNumber": 8,
          "title": "Because",
          "length": "2:45"
        },
        {
          "id": 12,
          "trackNumber": 9,
          "title": "You Never Give Me Your Money",
          "length": "4:02"
        },
        {
          "id": 12,
          "trackNumber": 10,
          "title": "Sun King",
          "length": "2:26"
        },
        {
          "id": 12,
          "trackNumber": 11,
          "title": "Mean Mr. Mustard",
          "length": "1:06"
        },
        {
          "id": 12,
          "trackNumber": 12,
          "title": "Polythene Pam",
          "length": "1:12"
        },
        {
          "id": 12,
          "trackNumber": 13,
          "title": "She Came in Through the Bathroom Window",
          "length": "1:58"
        },
        {
          "id": 12,
          "trackNumber": 14,
          "title": "Golden Slumbers",
          "length": "1:31"
        },
        {
          "id": 12,
          "trackNumber": 15,
          "title": "Carry That Weight",
          "length": "1:36"
        },
        {
          "id": 12,
          "trackNumber": 16,
          "title": "The End",
          "length": "2:21"
        },
        {
          "id": 12,
          "trackNumber": 17,
          "title": "Her Majesty",
          "length": "0:27"
        }
      ]
    },
    {
      "id": 13,
      "artist": "Stevie Wonder",
      "albumName": "Hotter Than July",
      "onSale": 0,
      "price": 12,
      "year": 1980,
      "releaseDate": "September 29, 1980",
      "recordLocation": "",
      "genre": "R&B",
      "duration": "45:46:00",
      "url": "https://www.allmusic.com/album/hotter-than-july-mw0000650992",
      "tracks": [
        {
          "id": 13,
          "trackNumber": 1,
          "title": "Did I Hear You Say You Love Me",
          "length": "4:08"
        },
        {
          "id": 13,
          "trackNumber": 2,
          "title": "All I Do",
          "length": "5:07"
        },
        {
          "id": 13,
          "trackNumber": 3,
          "title": "Rocket Love",
          "length": "4:39"
        },
        {
          "id": 13,
          "trackNumber": 4,
          "title": "I Ain't Gonna Stand For It",
          "length": "4:39"
        },
        {
          "id": 13,
          "trackNumber": 5,
          "title": "As If You Read My Mind",
          "length": "3:39"
        },
        {
          "id": 13,
          "trackNumber": 6,
          "title": "Master Blaster (Jammin')",
          "length": "5:08"
        },
        {
          "id": 13,
          "trackNumber": 7,
          "title": "Do Like You",
          "length": "4:25"
        },
        {
          "id": 13,
          "trackNumber": 8,
          "title": "Cash in Your Face",
          "length": "3:59"
        },
        {
          "id": 13,
          "trackNumber": 9,
          "title": "Lately",
          "length": "4:05"
        },
        {
          "id": 13,
          "trackNumber": 10,
          "title": "Happy Birthday",
          "length": "5:57"
        }
      ]
    },
    {
      "id": 14,
      "artist": "The Backstreet Boys",
      "albumName": "Black and Blue",
      "onSale": 1,
      "price": 13.5,
      "year": 2000,
      "releaseDate": "November 21, 2000",
      "recordLocation": "Battery Studios, New York, NY",
      "genre": "Pop",
      "duration": "47:55:00",
      "url": "https://www.allmusic.com/album/black-blue-mw0000103961",

      "tracks": [
        {
          "id": 14,
          "trackNumber": 1,
          "title": "The Call",
          "length": "3:24"
        },
        {
          "id": 14,
          "trackNumber": 2,
          "title": "Shape of My Heart",
          "length": "3:50"
        },
        {
          "id": 14,
          "trackNumber": 3,
          "title": "Get Another Boyfriend",
          "length": "3:06"
        },
        {
          "id": 14,
          "trackNumber": 4,
          "title": "Shining Star",
          "length": "3:23"
        },
        {
          "id": 14,
          "trackNumber": 5,
          "title": "I Promise You (With Everything I Am)",
          "length": "4:22"
        },
        {
          "id": 14,
          "trackNumber": 6,
          "title": "The Answer to Our Life",
          "length": "3:17"
        },
        {
          "id": 14,
          "trackNumber": 7,
          "title": "Everyone",
          "length": "3:30"
        },
        {
          "id": 14,
          "trackNumber": 8,
          "title": "More Than That",
          "length": "3:44"
        },
        {
          "id": 14,
          "trackNumber": 9,
          "title": "Time",
          "length": "3:56"
        },
        {
          "id": 14,
          "trackNumber": 10,
          "title": "Not for Me",
          "length": "3:15"
        },
        {
          "id": 14,
          "trackNumber": 11,
          "title": "Yes I Will",
          "length": "3:50"
        },
        {
          "id": 14,
          "trackNumber": 12,
          "title": "It's True",
          "length": "4:14"
        },
        {
          "id": 14,
          "trackNumber": 13,
          "title": "How Did I Fall in Love With You",
          "length": "4:04"
        }
      ]
    },
    {
      "id": 15,
      "artist": "Paramore",
      "albumName": "Riot",
      "onSale": 0,
      "price": 16.24,
      "year": 2007,
      "releaseDate": "June 12, 2007",
      "recordLocation": "House Of Loud, Elmwood Park, NJ",
      "genre": "Pop Punk",
      "duration": "38:47:00",
      "url": "https://www.allmusic.com/album/riot%21-mw0000579426",
      "tracks": [
        {
          "id": 15,
          "trackNumber": 1,
          "title": "For a Pessimist, I'm Pretty Optimistic",
          "length": "3:48"
        },
        {
          "id": 15,
          "trackNumber": 2,
          "title": "Thats What You Get",
          "length": "3:40"
        },
        {
          "id": 15,
          "trackNumber": 3,
          "title": "Hallelujah",
          "length": "3:23"
        },
        {
          "id": 15,
          "trackNumber": 4,
          "title": "Misery Business",
          "length": "3:31"
        },
        {
          "id": 15,
          "trackNumber": 5,
          "title": "When It Rains",
          "length": "3:35"
        },
        {
          "id": 15,
          "trackNumber": 6,
          "title": "Let the Flames Begin",
          "length": "3:18"
        },
        {
          "id": 15,
          "trackNumber": 7,
          "title": "Miracle",
          "length": "3:29"
        },
        {
          "id": 15,
          "trackNumber": 8,
          "title": "Crushcrushcrush",
          "length": "3:09"
        },
        {
          "id": 15,
          "trackNumber": 9,
          "title": "We Are Broken",
          "length": "3:38"
        },
        {
          "id": 15,
          "trackNumber": 10,
          "title": "Fences",
          "length": "3:18"
        },
        {
          "id": 15,
          "trackNumber": 11,
          "title": "Born For This",
          "length": "3:58"
        }
      ]
    }
  ]
}
